Ｐ２Ｐ公司,官网,Ｏｗｎｅｒ,是否完成,是否需要真实手机来验证（如需要验证码，　则填Ｙ，　否则Ｎ）,API类型(GET/POST),API接口URL,API参数,API返回结果示例
陆金服 , http://www.lup2p.com,张欣,验证码,,,,,
财富派(京) ,https://www.caifupad.com/user/isMobileNoToSendMsg,张欣,S,,,,,
钱多多 , http://d.com.cn/,张欣,S,,,,,
可溯金融 , http://dai.kesucorp.com/,张欣,验证码,,,,,
海鸥金服 , http://haioujinfu.com,张欣,S,,,,,
爱上贷 , http://ishangdai.com/,张欣,无api ，验证码,,,,,
泰然金融 , http://jr.trc.com,张欣,S,,,,,
聚宝珠 , http://jubaozhu.com,张欣,S,,,,,
e兴金融 , http://new.xhx-exjr.com,张欣,反爬_header,,,,,
前沿财富 , http://qycfu.com/,张欣,F,,,,,
沙小僧 , http://shaxiaoseng.cn/,张欣,手机客户端,,,,,
宁创贷 , http://www.0086cf.com,张欣,无api ,,,,,
百利市 , http://www.100lishi.com/,张欣,S,,,,,
168理财 , http://www.168p2p.com/,张欣,S,,,,,
十六铺金融 , http://www.16pu.com,张欣,S,,,,,
178网贷 , http://www.178wangdai.com/,张欣,S,,,,,
宜聚网 , http://www.1ju.com/,张欣,无api ，验证码,,,,,
创世介贷 , http://www.24jd.com/,张欣,S,,,,,
杉易贷 , http://www.33lend.com,张欣,S,,,,,
森昊好时贷 , http://www.360haoshidai.com,张欣,无api ,,,,,
365易贷 , http://www.365edai.cn,张欣,反爬,,,,,
天天财富 , http://www.365ibank.com/,张欣,S,,,,,
冰川财富 , http://www.51bccf.com,张欣,S,,,,,
诚信贷 , http://www.51cxd.cn/,张欣,验证码,,,,,
今日捷财 , http://www.51jiecai.com/,张欣,S,,,,,
企额贷 , http://www.51qed.com/,张欣,渲染,,,,,
钱吧 , http://www.51qianba.com/,张欣,无api,,,,,
融资易 , http://www.51rzy.com/,张欣,,,,,,
万利金融 , http://www.51wanli.com/,张欣,,,,,,
闲钱宝 , http://www.51xqb.com,张欣,,,,,,
华人金融 , http://www.5262.com,张欣,,,,,,
58财福 , http://www.58caifu.cn/,张欣,,,,,,
58车贷 , http://www.58chedai.com,张欣,,,,,,
58红利 , http://www.58hongli.com,张欣,,,,,,
爱投金融 , http://www.5aitou.com,张欣,,,,,,
金宝保 , http://www.5djbb.com/,张欣,,,,,,
e路同心 , http://www.88bank.com,张欣,,,,,,
飞特金融 , http://www.8fet.com,张欣,,,,,,
财加 , http://www.91caijia.com,张欣,,,,,,
91旺财 , http://www.91wangcai.com/,张欣,,,,,,
就爱金融网 , http://www.9259.com/,张欣,,,,,,
久信e贷 , http://www.9cvc.com,张欣,,,,,,
九斗鱼 , http://www.9douyu.com/,张欣,,,,,,
车赚 , http://www.aichezhuan.com/,张欣,,,,,,
安贷宝 , http://www.andaibao.cn,张欣,,,,,,
安心贷 , http://www.anxin.com,张欣,,,,,,
安心de利 , http://www.anxindeli.com/,张欣,,,,,,
阿朋贷 , http://www.apengdai.com/,张欣,,,,,,
百金贷 , http://www.baijindai.com/,张欣,,,,,,
百泉贷 , http://www.baiquandai.com,张欣,,,,,,
宝点网 , http://www.bao.cn/,张欣,,,,,,
抱财网 , http://www.baocai.com/,张欣,,,,,,
步步盈 , http://www.bbuwin.com/,张欣,,,,,,
便民投 , http://www.bianmintou.com,张欣,,,,,,
博金贷 , http://www.bjdp2p.com,张欣,,,,,,
宝象金融 , http://www.bxjr.com/,张欣,,,,,,
财神在线（渝） , http://www.caishenzaixian.com/p2p/p2p_index,张欣,,,,,,
光华财缘网 , http://www.caiyuan888.com,张欣,,,,,,
钱来网 , http://www.cashlai.com/,张欣,,,,,,
财富中国 , http://www.cfbb.com.cn,张欣,,,,,,
长吉贷 , http://www.changjidai.com,张欣,,,,,,
长久贷 , http://www.changjiudai.com/,张欣,,,,,,
产融贷 , http://www.chanrongdai.com,张欣,,,,,,
超爱财 , http://www.chaoaicai.com/,张欣,,,,,,
车富88 , http://www.chefu88.com,张欣,,,,,,
车能贷 , http://www.chenengdai.com/,张欣,,,,,,
诚汇通 , http://www.chenghuitong.net,张欣,,,,,,
诚天财富 , http://www.chengtiancaifu.com,张欣,,,,,,
诚投在线 , http://www.chengtounet.com,张欣,,,,,,
车易贷 , http://www.cheyidai88.com/,张欣,,,,,,
楚金所 , http://www.chujinsuo.com/,张欣,,,,,,
易金智慧 , http://www.cnyjzh.com/,王晓楠,,,,,,
橙旗贷 , http://www.cqdai.com,王晓楠,,,,,,
创融在线 , http://www.crtz.net,王晓楠,,,,,,
城铁在融 , http://www.ctzrnet.com/,王晓楠,,,,,,
道口金融网 , http://www.daokoujinrong.com/,王晓楠,,,,,,
达人贷 , http://www.darenloan.com/,王晓楠,,,,,,
鼎诚创投 , http://www.dcct8.com/,王晓楠,,,,,,
智融会 , http://www.ddzrh.com/,王晓楠,,,,,,
德众金融 , http://www.dezhong365.com/,王晓楠,,,,,,
点融网 , http://www.dianrong.com,王晓楠,,,,,,
地标金融 , http://www.dib66.com,王晓楠,,,,,,
丁丁贷 , http://www.dingdingjinfu.com,王晓楠,,,,,,
鼎信贷 , http://www.dingxindai.com,王晓楠,,,,,,
升值空间 , http://www.dlszkj.com/,王晓楠,,,,,,
大拇哥财富 , http://www.dmgcf.com/,王晓楠,,,,,,
大同行 , http://www.dtcash.com,王晓楠,,,,,,
短融网 , http://www.duanrong.com/,王晓楠,,,,,,
堆金网 , http://www.duijin8.com/,王晓楠,,,,,,
多宝贷 , http://www.duobaodai.com/,王晓楠,,,,,,
多赢 , http://www.duoying.com,王晓楠,,,,,,
壹宝贷 , http://www.ebaodai.com/,王晓楠,,,,,,
e葱金融 , http://www.econgfin.com,王晓楠,,,,,,
易贷在线 , http://www.edaionline.com/,王晓楠,,,,,,
艺点理财 , http://www.edianlicai.com,王晓楠,,,,,,
鄂汇金融 , http://www.ehjinrong.com/,王晓楠,,,,,,
翼龙贷 , http://www.eloancn.com,王晓楠,,,,,,
易通贷 , http://www.etongdai.com,王晓楠,,,,,,
e微贷 , http://www.eweidai.com/,王晓楠,,,,,,
优投在线 , http://www.eytou.com/,王晓楠,,,,,,
房金所 , http://www.fangjs.com/,王晓楠,,,,,,
房易贷 , http://www.fangyidai.com,王晓楠,,,,,,
智佳金服 , http://www.fcedai.com/,王晓楠,,,,,,
分钱网 , http://www.fenqian.cn,王晓楠,,,,,,
赣商贷 , http://www.fh201466.com/,王晓楠,,,,,,
丰汇金融 , http://www.fhjr.com,王晓楠,,,,,,
蜂投网 , http://www.ftoul.com/,王晓楠,,,,,,
福银票号 , http://www.fuyph.com,王晓楠,,,,,,
中潮金服 , http://www.ghkchina.com/,王晓楠,,,,,,
广富宝 , http://www.gofobao.com,王晓楠,,,,,,
果树财富 , http://www.goodsure.cn/,王晓楠,,,,,,
你好贷 , http://www.goodyou.com/,王晓楠,,,,,,
广信贷 , http://www.guangxindai.com,王晓楠,,,,,,
固金所 , http://www.gujinsuo.com.cn,王晓楠,,,,,,
广州e贷 , http://www.gzdai.com/,王晓楠,,,,,,
金控网贷 , http://www.gzjkp2p.com/,王晓楠,,,,,,
海金所 , http://www.haifax.cn/,王晓楠,,,,,,
海星宝理财 , http://www.haixingbao.com,王晓楠,,,,,,
好好理财 , http://www.haohaolicai.com,王晓楠,,,,,,
安捷财富 , http://www.haoinvest.com/jingtai/new681/,王晓楠,,,,,,
好收益 , http://www.haoshouyi.com/,王晓楠,,,,,,
皓添金融 , http://www.haotianjinrong.com/,王晓楠,,,,,,
红顶金融 , http://www.hdjr360.com/,王晓楠,,,,,,
合拍在线 , http://www.he-pai.cn,王晓楠,,,,,,
欢乐合家 , http://www.hejiajinrong.com/,王晓楠,,,,,,
合力贷 , http://www.helloan.cn,王晓楠,,,,,,
恒大财富 , http://www.hengdacaifu.com,王晓楠,,,,,,
恒易融 , http://www.hengyirong.com/,王晓楠,,,,,,
合拍贷 , http://www.hepaidai.com/,王晓楠,,,,,,
合盘贷 , http://www.hepandai.com,王晓楠,,,,,,
合时代 , http://www.heshidai.com,王晓楠,,,,,,
互惠理财网 , http://www.hhlcw.cn/,王晓楠,,,,,,
合伙人金融 , http://www.hhrfs.com,王晓楠,,,,,,
后河财富 , http://www.honhe.com/,王晓楠,,,,,,
禾泰财富 , http://www.htfs.com/,王晓楠,,,,,,
汇通易贷 , http://www.htyd50.com/,王晓楠,,,,,,
花果金融 , http://www.huaguo.cn,王晓楠,,,,,,
华赢贷 , http://www.huayingdai.net,王晓楠,,,,,,
互贷网 , http://www.hudai.com,王晓楠,,,,,,
汇财贷 , http://www.huicaidai.com/,王晓楠,,,,,,
汇理财 , http://www.huilc.cn/,王晓楠,,,,,,
汇泉贷 , http://www.huiquandai.com,王晓楠,,,,,,
惠投无忧 , http://www.huitou51.com,刘俊涛,Y,,,,,
汇投网 , http://www.huitoubj.com/,刘俊涛,Y,,,,,
互融宝 , http://www.hurbao.com/index/wdzj/hurbao,刘俊涛,Y,,,,,
沪商财富 , http://www.hushangcaifu.com,刘俊涛,Y,,,,,
汇盈金服 , http://www.hyjf.com/,刘俊涛,Y,,,,,
合众e贷 , http://www.hzed.com,刘俊涛,Y,,,,,
惠众金融 , http://www.hzjr.com,刘俊涛,Y,,,,,
知商金融 , http://www.i2p.com,刘俊涛,Y,,,,,
爱本地 , http://www.ibdp2p.com/,刘俊涛,Y,,,,,
理想宝 , http://www.id68.cn/,刘俊涛,Y,,,,,
聚车金融 , http://www.ifcar99.com/,刘俊涛,Y,,,,,
爱鸿森 , http://www.ihongsen.com,刘俊涛,Y,,,,,
众信金融 , http://www.imzhongxin.com/,刘俊涛,Y,,,,,
爱钱帮 , http://www.iqianbang.com/,刘俊涛,Y,,,,,
爱钱进 , http://www.iqianjin.com/,刘俊涛,Y,,,,,
融贝网 , http://www.irongbei.com/,刘俊涛,Y,,,,,
手投网 , http://www.ishoutou.com,刘俊涛,Y,,,,,
四海众投 , http://www.ishzt.com/,刘俊涛,Y,,,,,
投米网 , http://www.itoumi.com/,刘俊涛,Y,,,,,
爱投资 , http://www.itouzi.com,刘俊涛,Y,,,,,
亿信天合 , http://www.iyxth.com/,刘俊涛,Y,,,,,
知财网 , http://www.izhicai.com/,刘俊涛,Y,,,,,
聚宝R , http://www.jbh.com/,刘俊涛,Y,,,,,
瑞涛财富 , http://www.jhruitao.com/,刘俊涛,Y,,,,,
捷创贷 , http://www.jiechuangdai.com,刘俊涛,Y,,,,,
积木盒子 , http://www.jimubox.com,刘俊涛,Y,,,,,
京金所 , http://www.jinbank.com.cn,刘俊涛,Y,,,,,
金财动力 , http://www.jincaidongli.com,刘俊涛,Y,,,,,
京都贷 , http://www.jingdudai.com,刘俊涛,Y,,,,,
金柜贷 , http://www.jinguidai.com,刘俊涛,Y,,,,,
金联储 , http://www.jinlianchu.com/,刘俊涛,Y,,,,,
金牌理财 , http://www.jinpaip2p.com,刘俊涛,Y,,,,,
金票通 , http://www.jinpiaotong.com,刘俊涛,Y,,,,,
网筹金融 , http://www.jinrongweb.com/,刘俊涛,Y,,,,,
金投手 , http://www.jintoushou.com,刘俊涛,Y,,,,,
金信网 , http://www.jinxin99.cn/,刘俊涛,Y,,,,,
金盈所 , http://www.jinyingsuo.com,刘俊涛,Y,,,,,
金银猫 , http://www.jinyinmao.com.cn,刘俊涛,Y,,,,,
九金所 , http://www.jiujs.com/,刘俊涛,Y,,,,,
玖融网 , http://www.jiurong.com,刘俊涛,Y,,,,,
九信金融 , http://www.jiuxinfinance.com,刘俊涛,Y,,,,,
金开贷 , http://www.jkd.com,刘俊涛,Y,,,,,
钜宝盆 , http://www.jpjbp.com/,刘俊涛,Y,,,,,
金桥梁 , http://www.jql.cn/,刘俊涛,Y,,,,,
聚融在线 , http://www.jrp2p.com,刘俊涛,Y,,,,,
金融圈 , http://www.jrq.com,刘俊涛,Y,,,,,
今时贷 , http://www.jsdp2p.com/,刘俊涛,Y,,,,,
聚金资本 , http://www.jujinziben.com,刘俊涛,Y,,,,,
君融贷 , http://www.junrongdai.com/,刘俊涛,Y,,,,,
聚有财 , http://www.jyc99.com,刘俊涛,Y,,,,,
简易贷 , http://www.jyd100.com,刘俊涛,Y,,,,,
口碑贷 , http://www.kb-dk.com/,刘俊涛,Y,,,,,
可乐贷 , http://www.keledai.cn/,刘俊涛,Y,,,,,
口袋理财 , http://www.koudailc.com/,刘俊涛,Y,,,,,
快捷财富 , http://www.kuaijiecaifu.com,刘俊涛,Y,,,,,
快快贷 , http://www.kuaikuaidai.com/,刘俊涛,Y,,,,,
酷宝盒 , http://www.kubaohe.com,刘俊涛,Y,,,,,
来融金服 , http://www.lai.cn/,刘俊涛,Y,,,,,
来存吧 , http://www.laicunba.com/,刘俊涛,Y,,,,,
拉拉财富 , http://www.lalacaifu.com,刘俊涛,Y,,,,,
礼德财富 , http://www.leadercf.com/,刘俊涛,Y,,,,,
金e柴神 , http://www.lendinghome.cn,刘俊涛,Y,,,,,
乐投贷 , http://www.letoudai.com,刘俊涛,Y,,,,,
乐享宝 , http://www.lexiangbao.com/,刘俊涛,Y,,,,,
量子金融 , http://www.liangzijinrong.com,刘俊涛,Y,,,,,
联连理财 , http://www.lianlianmoney.com/?channel=zj,刘俊涛,Y,,,,,
理财范 , http://www.licaifan.com/,刘俊涛,Y,,,,,
信广立诚贷 , http://www.lichengdai.com/,刘俊涛,Y,,,,,
利得行 , http://www.lidehang.com,刘俊涛,Y,,,,,
利好贷 , http://www.lihaodai.com/,刘俊涛,Y,,,,,
利巨人 , http://www.lijuren.com/,刘俊涛,Y,,,,,
立业贷 , http://www.liyedai.cn/,刘俊涛,Y,,,,,
粒子财富 , http://www.lizicaifu.com/?frm=wdzj,刘俊涛,Y,,,,,
链链金融 , http://www.lljr.com,李一杰,,,,,,
隆金宝 , http://www.longkin.net,李一杰,,,,,,
隆隆网 , http://www.longlongweb.com,李一杰,,,,,,
隆泰贷 , http://www.longtaidai.com,李一杰,,,,,,
乐投创富 , http://www.lotocf.com/,李一杰,,,,,,
鲁金所 , http://www.lujinsuop2p.com/,李一杰,,,,,,
绿化贷 , http://www.lvhuadai.com,李一杰,,,,,,
麻袋理财 , http://www.madailicai.com/,李一杰,,,,,,
码头益 , http://www.matoue.com/,李一杰,,,,,,
秒贷金融 , http://www.miaodaiwang.com,李一杰,,,,,,
微镇 , http://www.microtown.cn/,李一杰,,,,,,
蜜蜂财富 , http://www.mifengcaifu.com,李一杰,,,,,,
民贷天下 , http://www.mindai.com,李一杰,,,,,,
民民贷 , http://www.minmindai.com,李一杰,,,,,,
钱贷网 , http://www.moneydai.com,李一杰,,,,,,
摇财树 , http://www.moneytree33.com,李一杰,,,,,,
木头人 , http://www.mutourenp2p.com/,李一杰,,,,,,
梦想盈行 , http://www.mxyinghang.com,李一杰,,,,,,
红岭创投 , http://www.my089.com,李一杰,,,,,,
恒利网 , http://www.myhengli.com/,李一杰,,,,,,
财富N次方 , http://www.ncfcf.com,李一杰,,,,,,
星月创投 , http://www.newzgxyct.com,李一杰,,,,,,
牛娃互联网金融 , http://www.niuwap2p.com/,李一杰,,,,,,
你我贷 , http://www.niwodai.com/,李一杰,,,,,,
OK贷 , http://www.okdai.com/,李一杰,,,,,,
恒信易贷 , http://www.p2phx.com/,李一杰,,,,,,
派派猪理财 , http://www.paipaizhu.com,李一杰,,,,,,
平安理财网 , http://www.palcw.com/,李一杰,,,,,,
熊猫贷 , http://www.pandadai.com/,李一杰,,,,,,
胖毛在线 , http://www.pangmao.com/,李一杰,,,,,,
胖胖猪 , http://www.pangpangpig.com,李一杰,,,,,,
皮城金融 , http://www.pcjr.com,李一杰,,,,,,
鹏金所 , http://www.penging.com/,李一杰,,,,,,
票据贷 , http://www.piaojudai.com/,李一杰,,,,,,
莆商贷 , http://www.pja.cn,李一杰,,,,,,
壹佰金融 , http://www.pp100.com,李一杰,,,,,,
拍拍贷 , http://www.ppdai.com,李一杰,,,,,,
普天贷 , http://www.putiandai.com,李一杰,,,,,,
钱保姆 , http://www.qbm360.com,李一杰,,,,,,
前海广深发 , http://www.qhgsf.com,李一杰,,,,,,
前海财富 , http://www.qhziben.com,李一杰,,,,,,
钱爸爸 , http://www.qian88.com,李一杰,,,,,,
钱道网 , http://www.qiandaowang.com.cn,李一杰,,,,,,
钱盒子金融 , http://www.qianhezi.cn/,李一杰,,,,,,
钱满仓 , http://www.qianmancang.com/,李一杰,,,,,,
钱途在线 , http://www.qiantwo.com,李一杰,,,,,,
钱香 , http://www.qianxiangbank.com,李一杰,,,,,,
千壹理财 , http://www.qianyilc.com/,李一杰,,,,,,
青鱼金融 , http://www.qingyujf.com,李一杰,,,,,,
亲亲小贷 , http://www.qinqinxiaodai.com,李一杰,,,,,,
启腾财富 , http://www.qitengcaifu.com,李一杰,,,,,,
黔商贷 , http://www.qsp2p.com,李一杰,,,,,,
人文贷 , http://www.renwendai.com,李一杰,,,,,,
融金宝 , http://www.rjb777.com/,李一杰,,,,,,
融金所 , http://www.rjs.com,李一杰,,,,,,
邦帮堂 , http://www.rmbbox.com/,李一杰,,,,,,
融商贷 , http://www.rongshangd.com/,李一杰,,,,,,
融通资产 , http://www.rongtongzc.com,李一杰,,,,,,
融信网 , http://www.rongxin365.com/,李一杰,,,,,,
融之家 , http://www.rongzj.com/,李一杰,,,,,,
人人聚财 , http://www.rrjc.com,李一杰,,,,,,
荣通宝投资 , http://www.rtbtz.com/,李一杰,,,,,,
如意财富 , http://www.ruyicf.com/,李一杰,,,,,,
瑞银创投 , http://www.ry889.com/,李一杰,,,,,,
锐盈财富 , http://www.rycaifu.com,李一杰,,,,,,
深创金服 , http://www.scrxol.com/,李一杰,,,,,,
私房投 , http://www.sftou.com,李一杰,,,,,,
善林宝 , http://www.shanlinbao.com/,李一杰,,,,,,
石投金融 , http://www.shitou.com/,李一杰,,,,,,
首鸿财富 , http://www.shouhongcf.com,李一杰,,,,,,
鼠贷金融 , http://www.shudai99.com/,李一杰,,,,,,
私房钱 , http://www.sifangqian.com/,林伟平,,,,,,
搜搜金融网 , http://www.sosojinrong.com/,林伟平,,,,,,
搜易贷 , http://www.souyidai.com,林伟平,,,,,,
种子拼图 , http://www.spintu.com,林伟平,,,,,,
新富金融 , http://www.sunfobank.com,林伟平,,,,,,
三信贷 , http://www.sxrong.com/,林伟平,,,,,,
泰山金融 , http://www.taishanjinrong.com,林伟平,,,,,,
淘淘金 , http://www.taotaojin.com/,林伟平,,,,,,
投储在线 , http://www.touchu.cn,林伟平,,,,,,
投复利 , http://www.toufuli.com/,林伟平,,,,,,
投哪网 , http://www.touna.cn/,林伟平,,,,,,
投融家 , http://www.tourongjia.com,林伟平,,,,,,
投这家 , http://www.touzhejia.com,林伟平,,,,,,
团贷网 , http://www.tuandai.com,林伟平,,,,,,
拓天速贷 , http://www.tuotiansudai.com,林伟平,,,,,,
图腾贷 , http://www.tutengdai.com,林伟平,,,,,,
两只老虎 , http://www.twotiger.com/,林伟平,,,,,,
铜掌柜 , http://www.tzg.cn,林伟平,,,,,,
投资吧 , http://www.tziba.com/,林伟平,,,,,,
联金所 , http://www.uf-club.com/,林伟平,,,,,,
微易贷 , http://www.v1dai.com/,林伟平,,,,,,
万家兄弟 , http://www.vanbrother.com,林伟平,,,,,,
微积金 , http://www.vfunding.cn,林伟平,,,,,,
微品金融 , http://www.vpfinance.cn,林伟平,,,,,,
万富宝 , http://www.wanfubao.cn,林伟平,,,,,,
旺财谷 , http://www.wangcaigu.com/,林伟平,,,,,,
网投网 , http://www.wangtouwang.com/,林伟平,,,,,,
皖乾商贷 , http://www.wanqianshangdai.com,林伟平,,,,,,
皖都金融 , http://www.wdjr999.com/,林伟平,,,,,,
稳贷网 , http://www.wdw88.com/,林伟平,,,,,,
人人贷 , http://www.we.com?utmSource=pc-wdzj,林伟平,,,,,,
微车融 , http://www.weicherong.com/,林伟平,,,,,,
微金所 , http://www.weijinsuo.com,林伟平,,,,,,
小微金融 , http://www.weloan.com/,林伟平,,,,,,
中兴财富 , http://www.whzxcf.com,林伟平,,,,,,
万家贷 , http://www.wjdai.com/,林伟平,,,,,,
喔喔贷 , http://www.woowoodai.com,林伟平,,,,,,
沃时贷 , http://www.woshidai.com,林伟平,,,,,,
温商贷 , http://www.wsloan.com,林伟平,,,,,,
五岳贷 , http://www.wuyuedai.cn,林伟平,,,,,,
万盈金融 , http://www.wyjr168.com/,林伟平,,,,,,
温州贷 , http://www.wzdai.com,林伟平,,,,,,
小九金服 , http://www.x9jf.com/,林伟平,,,,,,
迅泊达 , http://www.xbddai.com/,林伟平,,,,,,
小狗钱钱 , http://www.xgqq.com/,林伟平,,,,,,
向上金服 , http://www.xiangshang360.com,林伟平,,,,,,
小富金融 , http://www.xiaofujr.com/,林伟平,,,,,,
小鸡理财 , http://www.xiaojilicai.com/,林伟平,,,,,,
小牛在线 , http://www.xiaoniu88.com,林伟平,,,,,,
小平贷 , http://www.xiaopingdai.com,林伟平,,,,,,
小树时代理财 , http://www.xiaoshushidai.cn/,林伟平,,,,,,
小油菜 , http://www.xiaoyoucai.com/,林伟平,,,,,,
小猪理财 , http://www.xiaozhu158.com,林伟平,,,,,,
小猪罐子 , http://www.xiaozhu168.com/,林伟平,,,,,,
新富创投 , http://www.xinfudaicn.com,林伟平,,,,,,
信和大金融 , http://www.xinhe99.com/,林伟平,,,,,,
信和贷 , http://www.xinhedai.com,林伟平,,,,,,
鑫合汇 , http://www.xinhehui.com,林伟平,,,,,,
信融财富 , http://www.xinrong.com,林伟平,,,,,,
新新贷 , http://www.xinxindai.com,林伟平,,,,,,
喜投网 , http://www.xitouwang.com/,林伟平,,,,,,
信融投资 , http://www.xrtz.org,林伟平,,,,,,
小微时贷 , http://www.xwsd.com,林伟平,,,,,,
信用宝 , http://www.xyb100.com,林伟平,,,,,,
易港金融 , http://www.ycd360.com,林伟平,,,,,,
易宝金融 , http://www.yeepbank.com,林伟平,,,,,,
粤商贷 , http://www.yesvion.com,林伟平,,,,,,
易BANK , http://www.yibankclub.com/,林伟平,,,,,,
宜贷网 , http://www.yidai.com/,林伟平,,,,,,
一点钱 , http://www.yidianqian.com,林伟平,,,,,,
易e贷 , http://www.yieloan.com/,林伟平,,,,,,
医购贷 , http://www.yigoudai.com,林伟平,,,,,,
1+1贷 , http://www.yijiayidai.com,江建和,,,,,,
银巴克 , http://www.yinbake.com/,江建和,,,,,,
银承派 , http://www.yinchengpai.com,江建和,,,,,,
盈金所 , http://www.yingjinsuo.com,江建和,,,,,,
银湖网 , http://www.yinhu.com/main.bl,江建和,,,,,,
银客理财 , http://www.yinke.com,江建和,,,,,,
银象网 , http://www.yinxiangwang.com/index,江建和,,,,,,
亿钱贷 , http://www.yiqiandai.com/,江建和,,,,,,
宜人贷 , http://www.yirendai.com,江建和,,,,,,
易享贷 , http://www.yixiangdai.com,江建和,,,,,,
甬e贷 , http://www.yongedai.com/,江建和,,,,,,
雍和金融 , http://www.yonghejinrong.com/,江建和,,,,,,
永利宝 , http://www.yonglibao.com/,江建和,,,,,,
有利网 , http://www.yooli.com,江建和,,,,,,
优车融 , http://www.youcherong.com/,江建和,,,,,,
优聚投 , http://www.youjutou.com,江建和,,,,,,
易融恒信 , http://www.yrhx.com/,江建和,,,,,,
有融网 , http://www.yrw.com,江建和,,,,,,
元宝365 , http://www.yuanbao365.com,江建和,,,,,,
悦享金服 , http://www.yuexiang.cn,江建和,,,,,,
云钱袋 , http://www.yunqiandai.com/,江建和,,,,,,
壹心贷 , http://www.yxp2p.com,江建和,,,,,,
友金所 , http://www.yyfax.com/,江建和,,,,,,
资本在线 , http://www.zbzx.com,江建和,,,,,,
中国融信贷 , http://www.zgrxd.com/,江建和,,,,,,
温易贷 , http://www.zgwyd.com/,江建和,,,,,,
招商贷 , http://www.zhaoshangdai.com,江建和,,,,,,
真鑫贷 , http://www.zhenxindai.com,江建和,,,,,,
智富360 , http://www.zhifu360.com,江建和,,,,,,
众贷汇 , http://www.zhongdaihui.com/,江建和,,,,,,
中恒宝 , http://www.zhonghengbao.com,江建和,,,,,,
中融通贷 , http://www.zhongtoudai.com,江建和,,,,,,
珠宝贷 , http://www.zhubaodai.com/,江建和,,,,,,
浙江车贷网 , http://www.zjcdw.com/,江建和,,,,,,
众可贷 , http://www.zkp2p.com,江建和,,,,,,
众联财富 , http://www.zlcf.com/,江建和,,,,,,
聚宝网 , http://www.zonefang.com/,江建和,,,,,,
中平金融 , http://www.zp-bank.com/,江建和,,,,,,
中融宝 , http://www.zrbao.com/,江建和,,,,,,
中瑞财富 , http://www.zrcaifu.com/,江建和,,,,,,
智融财富 , http://www.zrcf.com.cn,江建和,,,,,,
掌中财富 , http://www.zzcaifu.com,江建和,,,,,,
小诺理财 , https://nyonline.cn/,江建和,,,,,,
贴身贷 , https://tieshendai.sihaiinvest.com/,江建和,,,,,,
51帮你 , https://www.51bangni.com/,江建和,,,,,,
车财网 , https://www.51checai.com/,江建和,,,,,,
多多理财 , https://www.51duoduo.com/?act&s=wdzj,江建和,,,,,,
洋葱先生 , https://www.51onion.com/,江建和,,,,,,
人众金服 , https://www.51rz.com,江建和,,,,,,
拓道金服 , https://www.51tuodao.com/?source=wdsy0201,江建和,,,,,,
百财车贷 , https://www.83chedai.com/,江建和,,,,,,
金融工场 , https://www.9888.cn/?qd=WDZJYI&ucfu_source=WDZJYI&ucfu_uid=DH,江建和,,,,,,
爱米理财 , https://www.aimilicai.com/,江建和,,,,,,
爱康金服 , https://www.akcomejf.com/,江建和,,,,,,
财富智汇 , https://www.caifuzhihui.cn,江建和,,,,,,
财火火 , https://www.caihuohuo.cn/,江建和,,,,,,
财来网 , https://www.cailai.com/,江建和,,,,,,
城城理财 , https://www.cclc.co/,江建和,,,,,,
中广核富盈 , https://www.cgnfex.com/,江建和,,,,,,
诚成贷 , https://www.chengchengdai.com.cn/,江建和,,,,,,
投促金融 , https://www.chinap2g.com/,江建和,,,,,,
大麦理财 , https://www.damailicai.com/,江建和,,,,,,
响 , https://www.dangpoo.com,江建和,,,,,,
道口贷 , https://www.daokoudai.com,江建和,,,,,,
点理财 , https://www.dianlc.com/,江建和,,,,,,
多融财富 , https://www.duorongcf.com,江建和,,,,,,
东方汇 , https://www.eastlending.com,江建和,,,,,,
房融所 , https://www.fangrs.com/,江建和,,,,,,
光大分利宝 , https://www.fenlibao.com,江建和,,,,,,
付融宝 , https://www.frbao.com/,江建和,,,,,,
阜阳金融网 , https://www.fyjrw.com,江建和,,,,,,
开鑫贷 , https://www.gkkxd.com,张清,Y,,,,,
冠e通 , https://www.gqget.com/,张清,Y,,,,,
果儿金融 , https://www.guoer.com/,张清,Y,,,,,
和信贷 , https://www.hexindai.com/?adId=1972803,张清,Y,,,,,
国泰・惠民益贷 , https://www.hmyd.com/,张清,Y,,,,,
玺鉴 , https://www.ixijian.com/,张清,Y,,,,,
金海贷 , https://www.jinhaidai.com/,张清,Y,,,,,
牛币网 , https://www.jslrjr.com/,张清,Y,,,,,
口贷网 , https://www.kdw.com/,张清,Y,,,,,
理财农场 , https://www.lcfarm.com/?channel=wdzj,张清,Y,,,,,
乐居财富 , https://www.lejucaifu.com/,张清,Y,,,,,
连资贷 , https://www.lianzidai.com/,张清,Y,,,,,
利聚网 , https://www.liju123.com/,张清,Y,,,,,
领投鸟理财 , https://www.lingtouniao.com/,张清,Y,,,,,
龙贷 , https://www.longdai.com/,张清,Y,,,,,
律金金融 , https://www.lvjinsuo.com/,张清,Y,,,,,
米缸金融 , https://www.migang.com/,张清,Y,,,,,
迷你贷 , https://www.miniwangdai.com/,张清,Y,,,,,
e融所 , https://www.myerong.com,张清,Y,,,,,
众金在线 , https://www.myzhongjin.com/,张清,Y,,,,,
新联在线 , https://www.newunion.cn/,张清,Y,,,,,
新升贷 , https://www.newup.net.cn,张清,Y,,,,,
诺诺镑客 , https://www.nonobank.com/?am_id=988&approach=daohang,张清,Y,,,,,
农泰金融 , https://www.ntjrchina.com,张清,Y,,,,,
普汇云通 , https://www.phyt88.com?c=wdzj,张清,Y,,,,,
PPmoney , https://www.ppmoney.com/,张清,Y,,,,,
普惠家 , https://www.puhuijia.com/,张清,Y,,,,,
钱来也 , https://www.qianlaiye.com,张清,Y,,,,,
钱盆网 , https://www.qianpen.com/front/,张清,Y,,,,,
钱增增 , https://www.qianzz.com,张清,Y,,,,,
奇乐融 , https://www.qilerong.com/,张清,Y,,,,,
祺天优贷 , https://www.qtyd.com/,张清,Y,,,,,
生菜金融 , https://www.shengcaijinrong.com,张清,Y,,,,,
首金网 , https://www.shoujinwang.com/index.jsp,张清,Y,,,,,
银狐财富 , https://www.silverfox-cn.com/,张清,Y,,,,,
圈圈贷 , https://www.ssp2p.com/,张清,Y,,,,,
糖果金融 , https://www.tangguojr.com/,张清,Y,,,,,
中融投 , https://www.topzrt.com/,张清,Y,,,,,
有喜财富 , https://www.uximoney.com/,张清,Y,,,,,
网利宝 , https://www.wanglibao.com/,张清,Y,,,,,
微贷网 , https://www.weidai.com.cn/?hmsr=A431&psource=A431,张清,Y,,,,,
微金在线 , https://www.weijinzaixian.com,张清,Y,,,,,
新城金融 , https://www.xcjr.com/,张清,Y,,,,,
雪山贷 , https://www.xueshandai.com,张清,Y,,,,,
光合种子 , https://www.yilonghc.cn,张清,Y,,,,,
银豆网 , https://www.yindou.com,张清,Y,,,,,
银票网 , https://www.yinpiao.com/,张清,Y,,,,,
一起好 , https://www.yiqihao.com/,张清,Y,,,,,
浙财理财 , https://www.zhecaijinrong.com/,张清,Y,,,,,
好贷宝 , http://www.haodaibao.com/,张清,Y,,,,,
共信赢 , https://www.gxyclub.com/,张清,Y,,,,,
花生米富 , https://www.yaoyuefu.com/,张清,Y,,,,,
51如易贷 , http://www.51ruyidai.com/,张清,Y,,,,,
浙昌贷 , http://www.zhechangdai.com/,张清,Y,,,,,
1818优本财富 , http://www.18link.com.cn/,张清,Y,,,,,
贷贷兴隆 , http://www.ddxlong.com/,张清,Y,,,,,
六顺财富 , http://www.6scf.com/,张清,Y,,,,,
易互贷 , http://www.ehdai.com/,张清,Y,,,,,
金源贷 , http://jinyuandai.net/,张清,Y,,,,,
大众贷 , http://www.dazhondai.com/,张清,Y,,,,,
融投贷 , https://www.rongtoudai.cn/,张清,Y,,,,,
惠车贷 , http://www.huichedai.com/,张清,Y,,,,,
创贷网 , https://www.chuangdai.net/,张清,Y,,,,,
爱蚂蚁 , http://www.aimayi.cn/,张清,Y,,,,,
宁安贷 , http://www.ningandai.com/,张清,Y,,,,,
满满贷 , https://www.mmdai.com/,张清,Y,,,,,
平平贷 , http://www.pingpingdai.net/,张清,Y,,,,,
盛齐财富 , http://www.zbshengqicaifu.com/,张清,Y,,,,,
信通袋 , https://www.xintongdai.com/,张清,Y,,,,,
宏信创投 , http://www.hxdai.net/,张清,Y,,,,,
